{"episodes": [500, 1000, 1500, 2000, 2500, 3000, 3500, 4000, 4500, 5000, 5500, 6000, 6500, 7000, 7500, 8000, 8500, 9000, 9500, 10000, 10500, 11000, 11500, 12000, 12500, 13000, 13500, 14000, 14500, 15000, 15500, 16000, 16500, 17000, 17500, 18000, 18500, 19000, 19500, 20000, 20500, 21000, 21500, 22000, 22500, 23000, 23500, 24000, 24500, 25000, 25500, 26000, 26500, 27000, 27500, 28000, 28500, 29000, 29500, 30000, 30500, 31000, 31500, 32000, 32500, 33000, 33500, 34000, 34500, 35000, 35500, 36000, 36500, 37000, 37500, 38000, 38500, 39000, 39500, 40000, 40500, 41000, 41500, 42000, 42500, 43000, 43500, 44000, 44500, 45000, 45500, 46000, 46500, 47000, 47500, 48000, 48500, 49000, 49500, 50000], "avg_reward": [0.5818000000000001, 0.6266, 0.5771000000000002, 0.6204000000000001, 0.6321800000000001, 0.659, 0.644, 0.69072, 0.7272600000000001, 0.7159000000000001, 0.79134, 0.7349000000000001, 0.7884000000000001, 0.846, 0.93426, 0.9087000000000001, 0.92542, 0.9614, 0.95642, 1.0192, 1.06756, 1.03054, 1.09708, 1.04342, 1.06424, 1.13568, 1.1092000000000002, 1.1803200000000003, 1.1957400000000002, 1.1367600000000002, 1.19772, 1.16086, 1.1877, 1.17496, 1.1872800000000001, 1.2932399999999997, 1.2023, 1.24602, 1.30012, 1.24814, 1.32352, 1.28742, 1.28948, 1.3412800000000002, 1.3191199999999998, 1.42454, 1.3808200000000002, 1.44046, 1.4898000000000002, 1.43254, 1.4244400000000002, 1.47398, 1.4378600000000001, 1.50746, 1.4545599999999999, 1.4246800000000002, 1.55968, 1.4738200000000001, 1.56772, 1.5434400000000001, 1.5671599999999999, 1.53646, 1.5207200000000003, 1.6102800000000002, 1.6194000000000002, 1.6101599999999998, 1.60566, 1.5580800000000001, 1.4879, 1.60098, 1.60502, 1.63698, 1.6517600000000001, 1.6341799999999997, 1.56594, 1.5672400000000002, 1.6863, 1.55152, 1.6908200000000002, 1.7106999999999999, 1.6472200000000001, 1.63088, 1.71946, 1.6709, 1.7048, 1.7494, 1.70032, 1.71248, 1.6702600000000003, 1.7271400000000001, 1.7180199999999999, 1.8722000000000003, 1.7102800000000002, 1.722, 1.73838, 1.7462400000000002, 1.6823000000000001, 1.69712, 1.75184, 1.7792000000000001], "win_rate": [75.2, 77.0, 78.4, 77.0, 82.19999999999999, 79.2, 80.80000000000001, 79.60000000000001, 80.60000000000001, 79.80000000000001, 81.39999999999999, 82.39999999999999, 80.4, 84.2, 84.0, 84.0, 83.39999999999999, 86.6, 86.6, 86.4, 86.8, 87.8, 89.2, 88.4, 87.8, 87.4, 91.0, 89.60000000000001, 87.4, 90.4, 88.2, 90.0, 87.4, 89.0, 89.4, 91.2, 89.8, 92.2, 91.0, 91.0, 92.60000000000001, 92.2, 91.2, 91.2, 93.4, 93.0, 93.4, 94.0, 93.0, 93.2, 92.4, 94.0, 95.0, 94.39999999999999, 94.0, 92.80000000000001, 95.0, 95.19999999999999, 93.8, 94.19999999999999, 94.8, 94.19999999999999, 94.19999999999999, 95.8, 94.6, 95.6, 94.39999999999999, 96.0, 96.0, 96.6, 96.0, 95.19999999999999, 96.0, 95.6, 96.39999999999999, 96.8, 97.2, 96.0, 96.8, 95.6, 95.6, 97.2, 96.2, 97.39999999999999, 96.8, 97.6, 97.2, 97.39999999999999, 97.39999999999999, 96.0, 97.8, 97.8, 97.2, 97.8, 97.8, 97.6, 94.6, 97.39999999999999, 97.8, 97.8], "avg_guesses": [6.0, 5.99, 6.0, 5.99, 5.996, 6.0, 6.0, 5.994, 5.992, 6.0, 5.988, 6.0, 6.0, 6.0, 5.972, 5.98, 5.994, 6.0, 5.994, 6.0, 5.982, 5.988, 5.976, 5.974, 5.998, 5.986, 6.0, 5.974, 5.978, 5.992, 5.974, 5.992, 5.98, 5.972, 5.986, 5.978, 5.97, 5.984, 5.984, 5.998, 5.974, 5.994, 5.976, 5.976, 5.984, 5.978, 5.994, 5.982, 5.97, 5.948, 5.988, 5.966, 5.982, 5.962, 5.992, 5.996, 5.966, 5.994, 5.974, 5.978, 5.962, 5.972, 5.984, 5.956, 5.98, 5.952, 5.962, 5.996, 6.0, 5.976, 5.964, 5.976, 5.972, 5.946, 5.988, 5.968, 5.97, 5.994, 5.924, 5.95, 5.964, 5.966, 5.982, 5.96, 5.97, 5.97, 5.974, 5.956, 5.972, 5.978, 5.974, 5.94, 5.976, 5.96, 5.946, 5.968, 5.97, 5.974, 5.978, 5.97]}