{"episodes": [500, 1000, 1500, 2000, 2500, 3000, 3500, 4000, 4500, 5000, 5500, 6000, 6500, 7000, 7500, 8000, 8500, 9000, 9500, 10000, 10500, 11000, 11500, 12000, 12500, 13000, 13500, 14000, 14500, 15000, 15500, 16000, 16500, 17000, 17500, 18000, 18500, 19000, 19500, 20000, 20500, 21000, 21500, 22000, 22500, 23000, 23500, 24000, 24500, 25000, 25500, 26000, 26500, 27000, 27500, 28000, 28500, 29000, 29500, 30000, 30500, 31000, 31500, 32000, 32500, 33000, 33500, 34000, 34500, 35000, 35500, 36000, 36500, 37000, 37500, 38000, 38500, 39000, 39500, 40000, 40500, 41000, 41500, 42000, 42500, 43000, 43500, 44000, 44500, 45000, 45500, 46000, 46500, 47000, 47500, 48000, 48500, 49000, 49500, 50000], "avg_reward": [0.9652400000000001, 0.9129200000000001, 0.99176, 0.97588, 1.0711999999999997, 1.01524, 1.0215200000000002, 1.169, 1.1192800000000003, 1.1876800000000003, 1.2555200000000002, 1.32444, 1.2826400000000002, 1.3376000000000001, 1.48824, 1.54196, 1.57348, 1.6152800000000003, 1.62976, 1.6897200000000003, 1.7254, 1.73492, 1.7942, 1.8350400000000004, 1.8851200000000001, 1.86248, 1.84688, 1.96896, 1.951, 1.9827200000000003, 1.924, 1.82828, 2.1118, 1.97652, 2.033, 1.9645599999999999, 2.00688, 2.02244, 2.0301199999999997, 2.00948, 2.0843599999999998, 2.2613199999999996, 2.20756, 2.14608, 2.1696400000000002, 2.16844, 2.0988800000000003, 2.0878, 2.3299600000000003, 2.2862, 2.22232, 2.25852, 2.3172800000000002, 2.3540799999999997, 2.48876, 2.36112, 2.47228, 2.4144400000000004, 2.51328, 2.36036, 2.5508800000000003, 2.5117200000000004, 2.34988, 2.3452800000000003, 2.5049200000000003, 2.55944, 2.43532, 2.3756, 2.6761999999999997, 2.5937200000000002, 2.5446400000000002, 2.46488, 2.46232, 2.6520799999999998, 2.5044400000000007, 2.501, 2.4794800000000006, 2.6697200000000003, 2.48484, 2.6537200000000003, 2.6156400000000004, 2.83644, 2.6377200000000003, 2.6491200000000004, 2.6299200000000003, 2.6967200000000005, 2.7201600000000004, 2.74696, 2.93368, 2.81804, 2.78224, 2.77812, 2.8945600000000002, 2.84652, 2.8315600000000005, 3.0342800000000003, 2.95156, 2.97612, 2.8162000000000003, 2.8723599999999996], "win_rate": [51.2, 52.6, 52.0, 52.6, 48.6, 48.8, 52.6, 55.2, 56.599999999999994, 50.8, 55.400000000000006, 55.400000000000006, 56.99999999999999, 56.00000000000001, 66.8, 62.4, 61.8, 63.0, 65.0, 65.8, 71.0, 63.0, 70.19999999999999, 70.6, 68.60000000000001, 68.4, 64.2, 69.0, 68.2, 68.4, 69.6, 69.39999999999999, 69.6, 68.2, 72.0, 71.0, 71.2, 73.0, 69.0, 68.8, 76.4, 73.2, 76.0, 73.2, 74.8, 75.6, 71.8, 75.0, 74.0, 77.8, 74.6, 74.6, 80.0, 77.0, 78.2, 77.60000000000001, 79.60000000000001, 78.2, 79.4, 77.60000000000001, 79.4, 79.80000000000001, 80.80000000000001, 76.6, 82.0, 79.80000000000001, 79.60000000000001, 79.4, 82.19999999999999, 81.6, 81.0, 80.80000000000001, 80.0, 84.0, 82.0, 81.0, 80.0, 81.2, 83.8, 80.4, 84.0, 87.4, 78.60000000000001, 83.39999999999999, 82.8, 82.6, 83.6, 84.8, 87.4, 85.39999999999999, 84.0, 82.39999999999999, 86.2, 86.2, 85.8, 88.0, 85.6, 86.6, 87.2, 85.39999999999999], "avg_guesses": [6.0, 6.0, 5.992, 5.998, 5.996, 5.992, 5.998, 6.0, 6.0, 6.0, 5.99, 5.98, 5.992, 6.0, 5.982, 5.992, 5.986, 5.984, 6.0, 5.99, 5.98, 5.996, 5.986, 5.994, 5.994, 5.988, 6.0, 5.992, 5.98, 5.988, 6.0, 5.994, 5.966, 5.986, 5.994, 5.98, 5.988, 5.992, 5.994, 5.99, 5.99, 5.95, 5.996, 5.994, 5.982, 5.992, 5.992, 5.994, 5.994, 5.972, 6.0, 5.978, 5.996, 5.976, 5.986, 5.992, 5.964, 5.98, 5.972, 6.0, 5.97, 5.988, 5.998, 5.99, 5.992, 5.976, 5.994, 5.992, 5.976, 5.978, 5.998, 5.974, 6.0, 5.982, 5.986, 5.996, 5.984, 5.994, 5.994, 5.986, 5.988, 5.98, 5.998, 5.988, 5.976, 5.976, 5.99, 5.978, 5.98, 5.972, 5.994, 5.988, 5.978, 5.972, 5.99, 5.976, 5.976, 5.96, 5.984, 5.99]}