{"episodes": [500, 1000, 1500, 2000, 2500, 3000, 3500, 4000, 4500, 5000, 5500, 6000, 6500, 7000, 7500, 8000, 8500, 9000, 9500, 10000, 10500, 11000, 11500, 12000, 12500, 13000, 13500, 14000, 14500, 15000, 15500, 16000, 16500, 17000, 17500, 18000, 18500, 19000, 19500, 20000, 20500, 21000, 21500, 22000, 22500, 23000, 23500, 24000, 24500, 25000, 25500, 26000, 26500, 27000, 27500, 28000, 28500, 29000, 29500, 30000, 30500, 31000, 31500, 32000, 32500, 33000, 33500, 34000, 34500, 35000, 35500, 36000, 36500, 37000, 37500, 38000, 38500, 39000, 39500, 40000, 40500, 41000, 41500, 42000, 42500, 43000, 43500, 44000, 44500, 45000, 45500, 46000, 46500, 47000, 47500, 48000, 48500, 49000, 49500, 50000], "avg_reward": [0.5095, 0.51434, 0.5105000000000001, 0.5009, 0.5158, 0.5242, 0.53868, 0.5773400000000002, 0.5826, 0.6155, 0.67854, 0.65686, 0.70172, 0.681, 0.6882999999999999, 0.7336400000000001, 0.7631, 0.7717, 0.7823600000000002, 0.85872, 0.86824, 0.8583600000000001, 0.9154200000000001, 0.91072, 0.94266, 0.9899600000000001, 0.99192, 1.08928, 1.06822, 1.09696, 1.0589000000000002, 1.1332200000000003, 1.05612, 1.1337800000000002, 1.1747, 1.1172400000000002, 1.1530200000000002, 1.24648, 1.3498400000000002, 1.1940800000000003, 1.18886, 1.30052, 1.3198400000000001, 1.2290800000000002, 1.29052, 1.31524, 1.27448, 1.25026, 1.30524, 1.28402, 1.28272, 1.3729200000000001, 1.38042, 1.3902, 1.41544, 1.3147400000000002, 1.4248800000000001, 1.3808200000000002, 1.43562, 1.38622, 1.43054, 1.3905, 1.4853000000000003, 1.39448, 1.45398, 1.36598, 1.4335, 1.4278000000000002, 1.4336600000000002, 1.51782, 1.46758, 1.44064, 1.47146, 1.49014, 1.4968200000000003, 1.4874399999999999, 1.4893399999999999, 1.46006, 1.5506399999999998, 1.4793000000000003, 1.50278, 1.54096, 1.5235800000000002, 1.6111800000000003, 1.48438, 1.54336, 1.5254, 1.5433000000000001, 1.4005200000000002, 1.5225, 1.49252, 1.59316, 1.63436, 1.56476, 1.5726600000000004, 1.51112, 1.52262, 1.5882400000000003, 1.52936, 1.69098], "win_rate": [47.599999999999994, 51.4, 50.4, 48.199999999999996, 52.800000000000004, 53.2, 52.0, 52.2, 54.2, 57.4, 57.599999999999994, 55.2, 54.2, 59.4, 58.8, 63.6, 65.2, 62.8, 64.8, 62.4, 67.0, 69.19999999999999, 69.0, 68.4, 71.0, 73.4, 72.8, 75.4, 72.8, 74.6, 77.60000000000001, 77.4, 75.0, 77.4, 77.60000000000001, 78.60000000000001, 79.2, 82.19999999999999, 81.6, 77.8, 81.0, 80.80000000000001, 84.0, 78.4, 79.60000000000001, 82.19999999999999, 80.0, 84.2, 83.2, 81.8, 83.2, 83.2, 81.39999999999999, 82.6, 86.6, 82.8, 84.0, 84.6, 87.0, 83.39999999999999, 85.2, 83.0, 85.2, 86.4, 86.0, 84.8, 86.8, 83.2, 85.39999999999999, 90.4, 87.4, 85.2, 87.2, 86.0, 86.8, 88.0, 86.6, 86.0, 88.2, 87.0, 87.6, 90.4, 84.2, 88.6, 87.6, 88.4, 88.8, 86.8, 85.6, 85.8, 88.2, 91.4, 91.4, 87.6, 88.2, 89.2, 89.2, 89.60000000000001, 90.0, 90.0], "avg_guesses": [6.0, 5.998, 6.0, 6.0, 6.0, 6.0, 5.996, 5.998, 6.0, 6.0, 5.978, 5.992, 5.984, 5.99, 6.0, 5.998, 6.0, 5.99, 5.992, 5.974, 5.988, 5.992, 5.984, 5.994, 5.992, 5.982, 5.984, 5.986, 5.984, 5.992, 6.0, 5.974, 5.994, 5.986, 5.97, 5.998, 5.984, 5.976, 5.988, 5.996, 5.992, 5.994, 5.988, 5.986, 5.974, 5.988, 5.996, 5.992, 5.978, 5.994, 5.984, 5.974, 5.964, 5.97, 5.968, 5.978, 5.976, 5.994, 5.994, 5.974, 5.968, 5.99, 5.97, 5.976, 5.976, 5.996, 5.98, 5.98, 5.982, 5.984, 5.976, 5.988, 5.972, 5.958, 5.974, 5.978, 5.988, 5.992, 5.968, 6.0, 5.986, 5.992, 5.976, 5.956, 5.976, 5.972, 5.98, 6.0, 5.994, 5.95, 5.984, 5.992, 5.972, 5.962, 5.972, 5.984, 5.984, 5.968, 5.982, 5.966]}