{"episodes": [500, 1000, 1500, 2000, 2500, 3000, 3500, 4000, 4500, 5000, 5500, 6000, 6500, 7000, 7500, 8000, 8500, 9000, 9500, 10000, 10500, 11000, 11500, 12000, 12500, 13000, 13500, 14000, 14500, 15000, 15500, 16000, 16500, 17000, 17500, 18000, 18500, 19000, 19500, 20000, 20500, 21000, 21500, 22000, 22500, 23000, 23500, 24000, 24500, 25000, 25500, 26000, 26500, 27000, 27500, 28000, 28500, 29000, 29500, 30000, 30500, 31000, 31500, 32000, 32500, 33000, 33500, 34000, 34500, 35000, 35500, 36000, 36500, 37000, 37500, 38000, 38500, 39000, 39500, 40000, 40500, 41000, 41500, 42000, 42500, 43000, 43500, 44000, 44500, 45000, 45500, 46000, 46500, 47000, 47500, 48000, 48500, 49000, 49500, 50000], "avg_reward": [0.20626000000000003, 0.2399, 0.27648, 0.23246000000000003, 0.232, 0.24340000000000003, 0.27242, 0.3254, 0.30194000000000004, 0.31576, 0.33784000000000003, 0.31110000000000004, 0.38320000000000004, 0.41492000000000007, 0.41674, 0.37878, 0.40848, 0.45046, 0.47714000000000006, 0.5808200000000001, 0.5715399999999999, 0.5271, 0.5429, 0.605, 0.5684000000000001, 0.6158000000000002, 0.6899400000000001, 0.7004000000000001, 0.74048, 0.80444, 0.78722, 0.8027000000000001, 0.85116, 0.8588000000000001, 0.85252, 0.7981600000000001, 0.8996600000000001, 0.8442000000000001, 0.84748, 0.93254, 0.9201400000000001, 0.90574, 0.9245200000000001, 0.936, 0.9002400000000002, 0.96114, 0.9133600000000002, 0.8918600000000001, 0.97724, 0.9818399999999999, 1.03806, 0.9475, 0.97718, 1.0340600000000002, 1.0273, 0.9809000000000001, 1.09074, 1.0286399999999998, 0.9818200000000001, 1.0513200000000003, 1.09214, 1.0978, 1.037, 1.02094, 1.02754, 1.02156, 1.1207200000000002, 1.08538, 1.1463, 1.2472600000000003, 1.1393, 1.2503600000000001, 1.2115, 1.08216, 1.19544, 1.19112, 1.24184, 1.2534, 1.2522000000000002, 1.2153600000000002, 1.3153800000000002, 1.2070600000000002, 1.3146600000000002, 1.2968600000000001, 1.2238000000000002, 1.2322400000000002, 1.3316800000000002, 1.2667200000000003, 1.25298, 1.24486, 1.2968400000000002, 1.3007600000000001, 1.2932800000000002, 1.3976000000000002, 1.3322600000000002, 1.3521600000000003, 1.30072, 1.31824, 1.3718800000000002, 1.3312800000000002], "win_rate": [39.6, 37.6, 39.800000000000004, 39.2, 41.6, 42.4, 41.4, 44.0, 44.4, 42.199999999999996, 44.4, 45.2, 44.800000000000004, 48.0, 48.8, 49.4, 49.8, 50.4, 51.800000000000004, 58.4, 54.0, 54.800000000000004, 53.0, 59.599999999999994, 59.199999999999996, 64.60000000000001, 64.8, 62.6, 66.60000000000001, 66.4, 69.39999999999999, 65.8, 70.39999999999999, 73.4, 68.8, 71.6, 71.0, 70.0, 70.8, 76.6, 74.6, 73.8, 75.4, 76.4, 76.4, 77.60000000000001, 75.6, 75.8, 76.0, 77.0, 77.8, 78.0, 78.2, 78.4, 77.8, 78.60000000000001, 80.0, 77.60000000000001, 78.8, 80.2, 79.0, 80.0, 77.8, 79.60000000000001, 77.4, 78.60000000000001, 79.2, 80.0, 83.39999999999999, 82.19999999999999, 80.0, 84.0, 83.8, 80.4, 85.0, 84.6, 85.0, 86.4, 83.39999999999999, 83.6, 85.6, 83.6, 87.0, 84.8, 82.39999999999999, 81.2, 85.6, 85.39999999999999, 83.8, 83.6, 85.39999999999999, 88.4, 86.0, 87.2, 85.8, 85.0, 83.39999999999999, 86.0, 87.8, 83.39999999999999], "avg_guesses": [5.992, 6.0, 5.976, 5.992, 6.0, 6.0, 5.984, 5.99, 5.988, 5.992, 5.998, 5.99, 6.0, 5.984, 5.998, 5.996, 5.996, 5.992, 5.988, 5.984, 5.988, 5.99, 6.0, 5.99, 6.0, 6.0, 5.998, 5.98, 5.966, 5.978, 5.994, 5.99, 5.992, 5.98, 5.984, 5.992, 5.972, 5.99, 5.996, 5.988, 5.978, 5.978, 5.984, 6.0, 5.978, 5.978, 5.992, 5.982, 5.988, 5.978, 5.992, 5.99, 5.986, 5.992, 5.99, 6.0, 5.958, 5.958, 5.994, 5.994, 5.988, 5.98, 5.99, 5.988, 5.978, 5.992, 5.974, 5.996, 5.97, 5.962, 5.97, 5.952, 5.96, 5.982, 5.968, 5.974, 5.958, 5.98, 5.97, 5.972, 5.966, 5.972, 5.972, 5.942, 5.97, 5.968, 5.976, 5.974, 5.956, 5.982, 5.978, 5.962, 5.956, 5.95, 5.952, 5.962, 5.964, 5.978, 5.956, 5.956]}