{"episodes": [500, 1000, 1500, 2000, 2500, 3000, 3500, 4000, 4500, 5000, 5500, 6000, 6500, 7000, 7500, 8000, 8500, 9000, 9500, 10000, 10500, 11000, 11500, 12000, 12500, 13000, 13500, 14000, 14500, 15000, 15500, 16000, 16500, 17000, 17500, 18000, 18500, 19000, 19500, 20000, 20500, 21000, 21500, 22000, 22500, 23000, 23500, 24000, 24500, 25000, 25500, 26000, 26500, 27000, 27500, 28000, 28500, 29000, 29500, 30000, 30500, 31000, 31500, 32000, 32500, 33000, 33500, 34000, 34500, 35000, 35500, 36000, 36500, 37000, 37500, 38000, 38500, 39000, 39500, 40000, 40500, 41000, 41500, 42000, 42500, 43000, 43500, 44000, 44500, 45000, 45500, 46000, 46500, 47000, 47500, 48000, 48500, 49000, 49500, 50000], "avg_reward": [0.12290000000000001, 0.14590000000000003, 0.12360000000000003, 0.1378, 0.18510000000000001, 0.18600000000000003, 0.2162, 0.22400000000000003, 0.2333, 0.2605, 0.295, 0.273, 0.3518, 0.33430000000000004, 0.3511, 0.36230000000000007, 0.39490000000000003, 0.4050000000000001, 0.41440000000000005, 0.48510000000000003, 0.547, 0.48690000000000005, 0.5834000000000001, 0.5719000000000001, 0.5975, 0.7205999999999999, 0.7456, 0.7584000000000001, 0.6388, 0.7292000000000001, 0.6785000000000001, 0.7901000000000001, 0.6941000000000002, 0.7779, 0.8037000000000001, 0.8035, 0.7964000000000001, 0.8391000000000002, 0.8172, 0.8193000000000001, 0.8929000000000001, 0.8856000000000002, 0.8146000000000001, 0.9356, 0.9087000000000001, 0.9825000000000002, 0.9879000000000001, 0.9306000000000001, 1.0275999999999998, 0.9744, 0.9664, 0.9423, 1.0116, 1.0917999999999999, 0.9756000000000001, 1.0100000000000002, 1.0687, 0.9701000000000002, 1.0608000000000002, 1.0032, 1.0007000000000001, 1.0658, 1.0375, 1.1697000000000002, 1.0943000000000003, 1.0879, 1.1196000000000002, 1.1074000000000002, 1.1325, 1.1923000000000001, 1.1846, 1.1828, 1.1633000000000002, 1.2132, 1.1272000000000002, 1.2271, 1.0987, 1.1633000000000002, 1.2505, 1.2306, 1.2632000000000003, 1.2278000000000002, 1.2024000000000001, 1.2168, 1.2168, 1.2527000000000004, 1.216, 1.2736, 1.2436, 1.2334, 1.2700000000000002, 1.2499, 1.2381000000000002, 1.2922000000000002, 1.3388000000000002, 1.324, 1.3416000000000001, 1.2484000000000002, 1.3390000000000002, 1.2415000000000003], "win_rate": [37.0, 36.0, 30.8, 34.4, 36.4, 39.6, 43.0, 42.8, 41.4, 42.0, 42.4, 46.2, 47.8, 46.800000000000004, 49.8, 50.2, 48.199999999999996, 51.4, 53.2, 57.199999999999996, 57.199999999999996, 54.0, 56.99999999999999, 60.199999999999996, 62.0, 64.8, 64.2, 67.2, 66.0, 63.800000000000004, 62.6, 68.0, 62.2, 70.39999999999999, 67.80000000000001, 69.0, 68.60000000000001, 69.39999999999999, 71.39999999999999, 74.0, 73.2, 76.6, 73.4, 77.4, 78.0, 77.2, 78.0, 76.4, 76.2, 76.8, 78.2, 79.0, 80.60000000000001, 78.0, 79.60000000000001, 77.8, 80.60000000000001, 76.8, 78.4, 77.0, 75.2, 79.60000000000001, 77.60000000000001, 82.8, 81.39999999999999, 83.39999999999999, 77.8, 80.60000000000001, 80.2, 85.2, 82.6, 84.0, 82.19999999999999, 84.6, 82.39999999999999, 85.0, 83.8, 85.8, 86.0, 84.39999999999999, 84.39999999999999, 83.0, 84.0, 85.0, 86.0, 84.8, 84.6, 84.8, 86.0, 84.8, 87.0, 88.8, 85.8, 86.8, 87.4, 87.6, 87.8, 87.0, 90.60000000000001, 88.0], "avg_guesses": [6.0, 5.99, 6.0, 6.0, 5.986, 6.0, 6.0, 5.992, 5.992, 5.992, 5.984, 5.996, 5.992, 5.984, 5.994, 5.988, 5.978, 5.994, 5.996, 5.992, 5.98, 5.984, 5.99, 5.978, 5.99, 5.964, 5.97, 5.978, 5.99, 5.986, 5.974, 5.976, 5.988, 5.972, 5.982, 5.982, 5.97, 5.962, 5.996, 5.992, 5.966, 5.984, 5.98, 5.992, 5.968, 5.986, 5.974, 5.982, 5.978, 5.976, 5.988, 5.988, 5.982, 5.98, 5.99, 5.972, 5.984, 5.98, 5.964, 5.966, 5.978, 5.974, 5.982, 5.978, 5.986, 5.97, 5.972, 5.98, 5.992, 5.984, 5.97, 5.958, 5.968, 5.974, 5.98, 5.948, 5.98, 5.986, 5.984, 5.978, 5.968, 5.984, 5.968, 5.97, 5.988, 5.976, 5.972, 5.986, 5.982, 5.958, 5.976, 5.972, 5.952, 5.98, 5.966, 5.964, 5.97, 5.982, 5.978, 5.97]}