{"episodes": [500, 1000, 1500, 2000, 2500, 3000, 3500, 4000, 4500, 5000, 5500, 6000, 6500, 7000, 7500, 8000, 8500, 9000, 9500, 10000, 10500, 11000, 11500, 12000, 12500, 13000, 13500, 14000, 14500, 15000, 15500, 16000, 16500, 17000, 17500, 18000, 18500, 19000, 19500, 20000, 20500, 21000, 21500, 22000, 22500, 23000, 23500, 24000, 24500, 25000, 25500, 26000, 26500, 27000, 27500, 28000, 28500, 29000, 29500, 30000, 30500, 31000, 31500, 32000, 32500, 33000, 33500, 34000, 34500, 35000, 35500, 36000, 36500, 37000, 37500, 38000, 38500, 39000, 39500, 40000, 40500, 41000, 41500, 42000, 42500, 43000, 43500, 44000, 44500, 45000, 45500, 46000, 46500, 47000, 47500, 48000, 48500, 49000, 49500, 50000], "avg_reward": [0.5927, 0.5959000000000001, 0.608, 0.63786, 0.65524, 0.7021600000000001, 0.6552, 0.70628, 0.7572000000000001, 0.7859, 0.7513000000000001, 0.78232, 0.7995600000000002, 0.7969400000000001, 0.9013600000000002, 0.9281, 0.8705, 1.0008000000000001, 1.02678, 1.01398, 1.08898, 1.1325399999999999, 1.1246200000000002, 1.1801, 1.1497800000000002, 1.26682, 1.2426400000000004, 1.24774, 1.2561999999999998, 1.21522, 1.2913, 1.29246, 1.3066600000000002, 1.34412, 1.3287200000000003, 1.43944, 1.3817600000000003, 1.42036, 1.35622, 1.43754, 1.3612600000000001, 1.4313200000000001, 1.42554, 1.48906, 1.43346, 1.45096, 1.5092600000000003, 1.5999, 1.48388, 1.54844, 1.5403200000000001, 1.5430599999999999, 1.53056, 1.4725599999999999, 1.59168, 1.5827200000000001, 1.5605799999999999, 1.59296, 1.5136200000000004, 1.5914000000000001, 1.65714, 1.65046, 1.6084, 1.6748600000000002, 1.67898, 1.58542, 1.69654, 1.7006000000000001, 1.6172, 1.75202, 1.7030600000000002, 1.75966, 1.68236, 1.8040999999999998, 1.6823, 1.7612000000000003, 1.75984, 1.7666399999999998, 1.8600999999999999, 1.7958000000000003, 1.7757600000000002, 1.8700000000000003, 1.72814, 1.8012200000000003, 1.7260199999999999, 1.8098800000000002, 1.7492400000000001, 1.7930800000000002, 1.7864, 1.7208800000000002, 1.8718000000000001, 1.80146, 1.8410600000000001, 1.8017400000000003, 1.8950200000000001, 1.8488200000000001, 1.90296, 2.0245200000000003, 1.91254, 1.81628], "win_rate": [76.6, 73.0, 75.6, 78.4, 78.0, 79.80000000000001, 79.4, 84.0, 80.60000000000001, 84.2, 83.39999999999999, 85.6, 85.39999999999999, 83.2, 84.39999999999999, 87.2, 84.8, 88.8, 87.4, 91.4, 89.60000000000001, 89.2, 89.8, 88.8, 89.8, 90.8, 89.60000000000001, 92.2, 93.4, 91.60000000000001, 92.80000000000001, 94.19999999999999, 92.80000000000001, 92.60000000000001, 93.4, 94.8, 95.6, 93.4, 92.60000000000001, 94.6, 93.0, 95.0, 95.19999999999999, 95.6, 95.0, 93.2, 94.6, 95.8, 93.4, 94.8, 94.8, 94.0, 96.39999999999999, 95.19999999999999, 96.8, 95.39999999999999, 95.0, 96.0, 96.2, 96.0, 98.0, 94.0, 95.8, 97.0, 97.6, 96.39999999999999, 97.6, 98.0, 96.2, 97.0, 98.6, 96.8, 96.2, 96.6, 96.8, 96.8, 98.0, 98.2, 97.6, 96.6, 97.0, 97.39999999999999, 96.8, 96.6, 97.2, 97.2, 97.6, 97.8, 98.0, 98.2, 98.4, 97.0, 98.4, 97.2, 98.0, 98.8, 97.6, 97.8, 98.2, 98.2], "avg_guesses": [6.0, 6.0, 6.0, 5.992, 5.998, 5.992, 6.0, 5.996, 6.0, 6.0, 6.0, 5.994, 5.992, 5.998, 5.982, 5.99, 6.0, 5.99, 5.966, 5.986, 5.986, 5.998, 5.984, 5.99, 5.976, 5.964, 5.978, 5.998, 5.98, 5.984, 5.98, 5.972, 5.982, 5.974, 5.994, 5.988, 5.992, 5.982, 5.984, 5.968, 5.982, 5.984, 5.988, 5.972, 5.992, 5.962, 5.972, 5.96, 5.966, 5.978, 5.954, 5.982, 5.982, 5.982, 5.986, 5.964, 5.966, 5.972, 5.964, 5.96, 5.948, 5.952, 5.96, 5.962, 5.976, 5.984, 5.958, 5.97, 5.99, 5.954, 5.992, 5.942, 5.992, 5.94, 5.99, 5.95, 5.968, 5.958, 5.96, 5.96, 5.962, 5.92, 5.988, 5.974, 5.964, 5.966, 5.978, 5.966, 5.98, 5.986, 5.97, 5.962, 5.972, 5.968, 5.944, 5.964, 5.932, 5.894, 5.978, 5.956]}