{"episodes": [500, 1000, 1500, 2000, 2500, 3000, 3500, 4000, 4500, 5000, 5500, 6000, 6500, 7000, 7500, 8000, 8500, 9000, 9500, 10000, 10500, 11000, 11500, 12000, 12500, 13000, 13500, 14000, 14500, 15000, 15500, 16000, 16500, 17000, 17500, 18000, 18500, 19000, 19500, 20000, 20500, 21000, 21500, 22000, 22500, 23000, 23500, 24000, 24500, 25000, 25500, 26000, 26500, 27000, 27500, 28000, 28500, 29000, 29500, 30000, 30500, 31000, 31500, 32000, 32500, 33000, 33500, 34000, 34500, 35000, 35500, 36000, 36500, 37000, 37500, 38000, 38500, 39000, 39500, 40000, 40500, 41000, 41500, 42000, 42500, 43000, 43500, 44000, 44500, 45000, 45500, 46000, 46500, 47000, 47500, 48000, 48500, 49000, 49500, 50000], "avg_reward": [0.96808, 0.9336800000000001, 0.90256, 0.90708, 0.9877600000000001, 0.9525600000000001, 1.0538800000000001, 1.07048, 1.1274000000000002, 1.1731200000000002, 1.176, 1.30068, 1.31644, 1.27624, 1.3408000000000002, 1.5338000000000003, 1.4476, 1.53548, 1.68248, 1.61824, 1.62064, 1.62752, 1.7088800000000002, 1.72648, 1.77736, 1.7752800000000002, 1.79196, 1.8825999999999998, 2.05576, 2.0477200000000004, 2.06148, 2.03744, 2.01484, 2.09268, 2.33276, 2.1824400000000006, 2.20836, 2.1038, 2.17384, 2.17324, 2.31076, 2.274320000000001, 2.3624, 2.34276, 2.29396, 2.3585599999999998, 2.29576, 2.49252, 2.30948, 2.4378, 2.5162000000000004, 2.54196, 2.5268800000000002, 2.53096, 2.56588, 2.5966400000000003, 2.45796, 2.64212, 2.6098000000000003, 2.57108, 2.626, 2.59268, 2.7155200000000006, 2.80824, 2.5913199999999996, 2.6222000000000003, 2.84288, 2.7068000000000003, 2.74332, 2.6602, 2.57632, 2.8786400000000003, 2.81588, 2.9693600000000004, 2.8642800000000004, 2.8217200000000005, 2.8990000000000005, 2.878, 2.86972, 2.8242399999999996, 2.79316, 2.79788, 2.84736, 2.93628, 2.96452, 2.8188, 2.9956400000000003, 3.11952, 2.9837200000000004, 3.0094000000000003, 3.0173200000000002, 3.00172, 3.1055600000000005, 3.03436, 2.9336400000000005, 2.93228, 3.10044, 3.0821199999999997, 2.98788, 3.10504], "win_rate": [48.8, 52.2, 45.800000000000004, 46.800000000000004, 45.6, 46.800000000000004, 49.2, 55.2, 52.800000000000004, 55.00000000000001, 54.800000000000004, 55.00000000000001, 56.2, 56.2, 57.599999999999994, 60.199999999999996, 60.0, 61.4, 65.8, 65.0, 67.60000000000001, 66.4, 66.0, 68.4, 63.800000000000004, 72.8, 69.0, 71.2, 75.2, 71.8, 74.2, 73.8, 71.6, 73.6, 79.0, 76.0, 77.8, 78.4, 76.4, 78.0, 79.0, 76.2, 80.4, 79.2, 76.2, 80.4, 78.2, 84.39999999999999, 81.0, 81.0, 84.39999999999999, 83.6, 86.0, 83.39999999999999, 84.8, 82.6, 82.0, 85.6, 83.2, 86.0, 82.6, 83.0, 85.39999999999999, 84.8, 85.2, 84.39999999999999, 86.6, 84.0, 83.8, 82.8, 82.0, 86.4, 87.0, 87.8, 88.4, 86.8, 86.6, 87.4, 86.6, 85.39999999999999, 86.8, 84.0, 86.6, 87.8, 85.8, 88.8, 89.2, 87.8, 88.6, 88.6, 89.0, 90.2, 90.0, 89.2, 86.6, 90.60000000000001, 88.4, 90.8, 88.2, 88.4], "avg_guesses": [6.0, 5.98, 6.0, 6.0, 5.99, 5.992, 5.998, 5.998, 5.986, 5.982, 5.984, 5.988, 5.99, 5.98, 6.0, 5.994, 5.976, 5.992, 5.978, 5.992, 5.99, 5.99, 6.0, 5.982, 6.0, 5.996, 5.988, 5.996, 5.964, 5.968, 5.97, 5.992, 5.982, 5.982, 5.99, 5.982, 5.974, 5.992, 5.996, 5.97, 5.994, 5.988, 5.984, 5.98, 5.978, 5.99, 5.994, 5.99, 5.986, 5.992, 5.96, 5.976, 5.986, 5.988, 5.99, 5.976, 6.0, 5.974, 5.972, 5.99, 5.98, 5.992, 5.978, 5.982, 5.976, 5.99, 5.976, 5.974, 5.978, 5.96, 5.996, 5.992, 5.974, 5.958, 5.982, 5.968, 5.994, 5.982, 5.984, 5.986, 5.964, 5.96, 5.986, 5.958, 5.95, 5.994, 5.966, 5.934, 5.974, 5.964, 5.972, 5.97, 5.974, 5.96, 5.958, 5.984, 5.954, 5.956, 5.972, 5.966]}