{"episodes": [500, 1000, 1500, 2000, 2500, 3000, 3500, 4000, 4500, 5000, 5500, 6000, 6500, 7000, 7500, 8000, 8500, 9000, 9500, 10000, 10500, 11000, 11500, 12000, 12500, 13000, 13500, 14000, 14500, 15000, 15500, 16000, 16500, 17000, 17500, 18000, 18500, 19000, 19500, 20000, 20500, 21000, 21500, 22000, 22500, 23000, 23500, 24000, 24500, 25000, 25500, 26000, 26500, 27000, 27500, 28000, 28500, 29000, 29500, 30000, 30500, 31000, 31500, 32000, 32500, 33000, 33500, 34000, 34500, 35000, 35500, 36000, 36500, 37000, 37500, 38000, 38500, 39000, 39500, 40000, 40500, 41000, 41500, 42000, 42500, 43000, 43500, 44000, 44500, 45000, 45500, 46000, 46500, 47000, 47500, 48000, 48500, 49000, 49500, 50000], "avg_reward": [0.2308, 0.28248, 0.23232000000000003, 0.24230000000000002, 0.2348, 0.24856, 0.2642, 0.34110000000000007, 0.31148000000000003, 0.34693999999999997, 0.4157600000000001, 0.41656000000000004, 0.4531, 0.5047200000000001, 0.49406000000000005, 0.5242, 0.5972999999999999, 0.5939800000000001, 0.6271800000000001, 0.6965999999999999, 0.7700000000000001, 0.7636600000000001, 0.80096, 0.70526, 0.8118200000000001, 0.8957000000000002, 0.83586, 0.87174, 0.87302, 0.8448200000000001, 0.9014000000000001, 0.9408800000000002, 0.9203800000000001, 0.9746400000000001, 0.8764400000000001, 0.9492200000000001, 1.0598800000000002, 0.9238200000000002, 1.01048, 1.0467, 1.03294, 0.96718, 1.0881, 1.13824, 1.0834000000000001, 1.0121, 1.1153000000000002, 1.06484, 1.1437200000000003, 1.16346, 1.2191400000000003, 1.1180800000000002, 1.2306400000000002, 1.24918, 1.27244, 1.33046, 1.2721800000000003, 1.2304600000000003, 1.2407000000000004, 1.2828600000000001, 1.3392600000000001, 1.33992, 1.36802, 1.2493400000000001, 1.3584, 1.33892, 1.4208600000000002, 1.36702, 1.29948, 1.3294800000000002, 1.4417, 1.3578800000000002, 1.4355600000000002, 1.2899, 1.4177400000000002, 1.40878, 1.3810600000000002, 1.53542, 1.47746, 1.3247800000000003, 1.4048000000000003, 1.52984, 1.42612, 1.5157000000000003, 1.4707000000000003, 1.4593800000000001, 1.50696, 1.47968, 1.4716000000000002, 1.5758800000000002, 1.56766, 1.5172800000000002, 1.54992, 1.5073, 1.5787000000000002, 1.5332800000000002, 1.5094, 1.47296, 1.6837800000000003, 1.60846], "win_rate": [39.4, 38.2, 40.8, 39.800000000000004, 41.6, 36.4, 38.6, 49.8, 42.4, 46.400000000000006, 47.4, 51.0, 54.2, 54.2, 55.00000000000001, 56.599999999999994, 60.6, 56.8, 59.4, 66.0, 65.0, 67.2, 69.6, 65.4, 73.4, 74.2, 72.0, 73.0, 73.8, 68.4, 74.8, 77.2, 73.0, 78.4, 74.2, 72.0, 76.4, 74.4, 78.2, 76.0, 77.8, 73.0, 76.2, 75.8, 76.2, 76.8, 83.2, 78.0, 81.0, 81.8, 79.2, 83.0, 83.6, 83.8, 81.0, 84.8, 83.2, 80.2, 84.39999999999999, 84.2, 84.8, 85.6, 86.4, 82.39999999999999, 85.6, 86.6, 84.39999999999999, 87.0, 86.8, 83.6, 86.8, 86.0, 88.2, 84.6, 88.0, 86.2, 87.0, 87.6, 91.4, 87.0, 86.4, 87.8, 90.8, 87.8, 88.4, 89.60000000000001, 88.4, 89.60000000000001, 87.0, 88.8, 88.8, 88.0, 90.2, 91.60000000000001, 89.8, 89.8, 91.0, 91.8, 90.60000000000001, 88.8], "avg_guesses": [5.99, 5.966, 5.994, 6.0, 6.0, 5.992, 5.99, 6.0, 5.996, 5.988, 5.992, 5.992, 5.99, 5.984, 5.982, 5.99, 5.99, 5.986, 5.996, 5.98, 5.98, 5.982, 5.992, 5.992, 5.984, 5.98, 5.992, 5.978, 5.984, 5.974, 5.99, 5.986, 5.976, 5.988, 5.998, 5.974, 5.966, 5.974, 5.966, 5.94, 5.958, 5.976, 5.95, 5.948, 5.96, 5.98, 5.98, 5.988, 5.994, 5.982, 5.958, 5.986, 5.958, 5.986, 5.948, 5.942, 5.966, 5.962, 5.97, 5.982, 5.932, 5.954, 5.944, 5.958, 5.96, 5.934, 5.922, 5.964, 5.946, 5.936, 5.94, 5.956, 5.922, 5.95, 5.948, 5.946, 5.942, 5.934, 5.942, 5.976, 5.95, 5.928, 5.974, 5.91, 5.94, 5.946, 5.942, 5.926, 5.96, 5.936, 5.922, 5.936, 5.934, 5.95, 5.91, 5.926, 5.94, 5.972, 5.896, 5.912]}