{"episodes": [500, 1000, 1500, 2000, 2500, 3000, 3500, 4000, 4500, 5000, 5500, 6000, 6500, 7000, 7500, 8000, 8500, 9000, 9500, 10000, 10500, 11000, 11500, 12000, 12500, 13000, 13500, 14000, 14500, 15000, 15500, 16000, 16500, 17000, 17500, 18000, 18500, 19000, 19500, 20000, 20500, 21000, 21500, 22000, 22500, 23000, 23500, 24000, 24500, 25000, 25500, 26000, 26500, 27000, 27500, 28000, 28500, 29000, 29500, 30000, 30500, 31000, 31500, 32000, 32500, 33000, 33500, 34000, 34500, 35000, 35500, 36000, 36500, 37000, 37500, 38000, 38500, 39000, 39500, 40000, 40500, 41000, 41500, 42000, 42500, 43000, 43500, 44000, 44500, 45000, 45500, 46000, 46500, 47000, 47500, 48000, 48500, 49000, 49500, 50000], "avg_reward": [0.46670000000000006, 0.5219600000000001, 0.50846, 0.5580400000000001, 0.5078400000000001, 0.5087000000000002, 0.5784400000000001, 0.5559000000000001, 0.575, 0.58298, 0.60064, 0.61524, 0.63084, 0.6913800000000001, 0.70132, 0.73176, 0.7498400000000001, 0.8246600000000001, 0.7911000000000001, 0.93078, 0.89636, 0.9203000000000001, 0.9421, 1.0087000000000002, 1.0092800000000002, 1.12842, 1.08698, 1.1594, 1.14258, 1.1311600000000002, 1.2078000000000002, 1.12518, 1.2466, 1.2102, 1.2054, 1.1895200000000001, 1.2282, 1.1951599999999998, 1.2127000000000001, 1.18612, 1.1877, 1.24708, 1.27552, 1.29172, 1.317, 1.27116, 1.2230600000000003, 1.2944, 1.2868000000000002, 1.356, 1.3879, 1.373, 1.3555, 1.5028200000000003, 1.30806, 1.34834, 1.3737600000000003, 1.44106, 1.4361400000000002, 1.42694, 1.40796, 1.45022, 1.4697199999999997, 1.4338000000000002, 1.5117200000000002, 1.4601399999999998, 1.5108200000000003, 1.47204, 1.52896, 1.48268, 1.5345400000000002, 1.5944, 1.47862, 1.55746, 1.6511399999999998, 1.48602, 1.5701, 1.5985000000000003, 1.56996, 1.5675800000000002, 1.6008000000000002, 1.60514, 1.59552, 1.64412, 1.61798, 1.5818800000000002, 1.6694200000000001, 1.6575799999999998, 1.6724, 1.6143000000000003, 1.67418, 1.6777400000000002, 1.68946, 1.6952, 1.66156, 1.6846400000000004, 1.72388, 1.6757, 1.71576, 1.7257400000000003], "win_rate": [49.2, 52.0, 48.6, 56.8, 53.800000000000004, 48.8, 54.2, 54.800000000000004, 54.400000000000006, 52.800000000000004, 56.8, 54.400000000000006, 54.800000000000004, 58.199999999999996, 58.599999999999994, 60.0, 61.8, 65.60000000000001, 65.60000000000001, 72.39999999999999, 71.39999999999999, 72.8, 69.8, 75.4, 75.0, 78.0, 78.2, 77.0, 78.4, 76.6, 81.0, 73.6, 78.0, 76.2, 76.6, 79.80000000000001, 80.60000000000001, 81.8, 80.0, 79.80000000000001, 82.0, 80.80000000000001, 83.39999999999999, 84.8, 82.6, 82.39999999999999, 81.6, 83.39999999999999, 81.6, 82.8, 83.39999999999999, 83.2, 85.8, 85.0, 83.2, 82.39999999999999, 84.39999999999999, 86.6, 87.0, 86.6, 87.2, 88.2, 83.39999999999999, 84.0, 87.4, 86.0, 88.4, 86.2, 85.6, 86.2, 90.2, 87.8, 85.39999999999999, 89.60000000000001, 89.60000000000001, 87.4, 88.4, 91.8, 90.2, 87.8, 89.8, 86.6, 88.8, 88.0, 88.6, 89.0, 89.4, 88.0, 92.0, 89.2, 88.8, 91.0, 90.4, 91.0, 91.2, 91.2, 89.0, 90.0, 91.8, 91.60000000000001], "avg_guesses": [6.0, 5.992, 5.992, 5.988, 5.998, 6.0, 5.998, 6.0, 6.0, 5.996, 5.998, 5.998, 5.998, 5.996, 5.984, 5.992, 5.998, 5.972, 6.0, 5.976, 5.992, 6.0, 5.99, 6.0, 5.996, 5.974, 5.996, 5.96, 5.986, 5.982, 5.98, 5.976, 5.97, 5.97, 5.97, 5.994, 5.97, 5.982, 5.98, 5.984, 5.99, 5.946, 5.994, 5.974, 5.96, 5.982, 5.992, 5.99, 5.99, 5.98, 5.96, 5.95, 5.98, 5.964, 5.982, 5.978, 5.972, 5.972, 5.968, 5.968, 5.972, 5.984, 5.974, 5.98, 5.974, 5.978, 5.964, 5.978, 5.952, 5.976, 5.958, 5.95, 5.964, 5.982, 5.948, 5.984, 5.98, 5.97, 5.962, 5.936, 5.94, 5.968, 5.964, 5.944, 5.966, 5.976, 5.964, 5.956, 5.96, 5.97, 5.956, 5.958, 5.952, 5.97, 5.962, 5.978, 5.936, 5.96, 5.972, 5.968]}