{"episodes": [500, 1000, 1500, 2000, 2500, 3000, 3500, 4000, 4500, 5000, 5500, 6000, 6500, 7000, 7500, 8000, 8500, 9000, 9500, 10000, 10500, 11000, 11500, 12000, 12500, 13000, 13500, 14000, 14500, 15000, 15500, 16000, 16500, 17000, 17500, 18000, 18500, 19000, 19500, 20000, 20500, 21000, 21500, 22000, 22500, 23000, 23500, 24000, 24500, 25000, 25500, 26000, 26500, 27000, 27500, 28000, 28500, 29000, 29500, 30000, 30500, 31000, 31500, 32000, 32500, 33000, 33500, 34000, 34500, 35000, 35500, 36000, 36500, 37000, 37500, 38000, 38500, 39000, 39500, 40000, 40500, 41000, 41500, 42000, 42500, 43000, 43500, 44000, 44500, 45000, 45500, 46000, 46500, 47000, 47500, 48000, 48500, 49000, 49500, 50000], "avg_reward": [-2.4741, -2.5245999999999995, -2.37716, -2.4428599999999996, -2.4520999999999993, -2.4442999999999997, -2.3888999999999996, -2.35588, -2.4389000000000003, -2.3089799999999996, -2.3546799999999997, -2.3416000000000006, -2.2391199999999998, -2.3902200000000002, -2.3361799999999993, -2.28828, -2.25352, -2.2093999999999996, -2.2535, -2.216, -2.2145999999999995, -2.11636, -2.07672, -1.9967599999999999, -1.8321999999999998, -1.8938799999999998, -1.8150199999999999, -1.87312, -1.72004, -1.70254, -1.69254, -1.6956, -1.6182599999999998, -1.5698599999999996, -1.41556, -1.51786, -1.4797799999999997, -1.3482399999999999, -1.44252, -1.3503399999999997, -1.2708199999999996, -1.24058, -1.15214, -1.1149399999999998, -1.1762799999999998, -1.0740399999999997, -1.11206, -1.0344799999999998, -1.0385799999999998, -0.95756, -0.99148, -0.9529999999999998, -0.7977799999999999, -0.8892199999999998, -0.9245199999999999, -0.8871799999999999, -0.8096999999999999, -0.7667599999999999, -0.7477199999999999, -0.6993799999999999, -0.8436199999999999, -0.7003199999999999, -0.7766, -0.6430399999999998, -0.6871199999999998, -0.7246199999999999, -0.6745199999999999, -0.6354599999999998, -0.5941999999999998, -0.5259599999999998, -0.55106, -0.3716199999999999, -0.4488599999999999, -0.4116399999999999, -0.3818199999999999, -0.34899999999999987, -0.45703999999999984, -0.26639999999999986, -0.25701999999999986, -0.33297999999999983, -0.21557999999999988, -0.23723999999999987, -0.13709999999999986, -0.22897999999999985, -0.24631999999999987, -0.2898599999999999, -0.13069999999999987, -0.07123999999999987, -0.04449999999999986, -0.030539999999999866, -0.05457999999999986, -0.020279999999999868, -0.04901999999999988, -0.05337999999999985, -0.021319999999999863, -0.006059999999999871, 0.08164000000000016, -0.07399999999999986, 0.01972000000000015, 0.14018000000000014], "win_rate": [4.6, 5.4, 7.8, 5.2, 3.8, 5.6000000000000005, 3.0, 4.3999999999999995, 4.6, 4.2, 5.6000000000000005, 4.6, 6.4, 5.800000000000001, 4.6, 3.8, 6.2, 4.6, 4.3999999999999995, 5.800000000000001, 6.2, 7.199999999999999, 7.3999999999999995, 8.4, 8.4, 7.199999999999999, 8.799999999999999, 7.6, 10.0, 8.0, 10.6, 10.8, 5.6000000000000005, 8.4, 12.6, 9.0, 12.0, 12.6, 13.200000000000001, 11.200000000000001, 14.000000000000002, 14.799999999999999, 15.6, 14.2, 16.2, 14.6, 16.6, 14.000000000000002, 15.4, 18.2, 18.0, 17.599999999999998, 19.8, 19.0, 19.8, 17.4, 18.8, 19.2, 19.400000000000002, 21.0, 18.8, 20.599999999999998, 20.599999999999998, 21.4, 17.4, 20.599999999999998, 20.599999999999998, 21.8, 21.6, 22.2, 22.6, 28.000000000000004, 22.400000000000002, 24.6, 26.200000000000003, 24.8, 23.599999999999998, 28.000000000000004, 26.400000000000002, 26.0, 29.4, 26.400000000000002, 28.4, 27.200000000000003, 26.400000000000002, 25.2, 25.6, 28.799999999999997, 30.0, 30.0, 28.000000000000004, 29.4, 27.200000000000003, 31.2, 26.200000000000003, 32.4, 29.799999999999997, 28.000000000000004, 30.2, 31.2], "avg_guesses": [6.0, 5.99, 5.988, 5.988, 5.99, 6.0, 5.99, 5.994, 6.0, 5.984, 5.984, 6.0, 5.986, 5.996, 5.994, 5.994, 5.986, 6.0, 5.99, 6.0, 6.0, 5.978, 5.986, 5.988, 5.97, 5.994, 5.996, 5.996, 5.992, 5.992, 5.992, 6.0, 5.998, 5.998, 5.978, 5.988, 5.984, 5.982, 5.996, 5.992, 5.976, 5.994, 5.992, 5.982, 5.994, 5.972, 5.988, 5.974, 5.994, 5.978, 5.994, 5.99, 5.974, 5.986, 5.986, 5.994, 5.98, 5.968, 5.986, 5.974, 5.976, 5.976, 5.98, 5.972, 5.976, 5.976, 5.966, 5.968, 5.97, 5.978, 5.978, 5.956, 5.948, 5.972, 5.976, 5.97, 5.982, 5.99, 5.966, 5.984, 5.964, 5.982, 5.96, 5.964, 5.956, 5.978, 5.97, 5.962, 5.95, 5.982, 5.954, 5.954, 5.966, 5.984, 5.976, 5.988, 5.958, 5.99, 5.964, 5.966]}