{"episodes": [500, 1000, 1500, 2000, 2500, 3000, 3500, 4000, 4500, 5000, 5500, 6000, 6500, 7000, 7500, 8000, 8500, 9000, 9500, 10000, 10500, 11000, 11500, 12000, 12500, 13000, 13500, 14000, 14500, 15000, 15500, 16000, 16500, 17000, 17500, 18000, 18500, 19000, 19500, 20000, 20500, 21000, 21500, 22000, 22500, 23000, 23500, 24000, 24500, 25000, 25500, 26000, 26500, 27000, 27500, 28000, 28500, 29000, 29500, 30000, 30500, 31000, 31500, 32000, 32500, 33000, 33500, 34000, 34500, 35000, 35500, 36000, 36500, 37000, 37500, 38000, 38500, 39000, 39500, 40000, 40500, 41000, 41500, 42000, 42500, 43000, 43500, 44000, 44500, 45000, 45500, 46000, 46500, 47000, 47500, 48000, 48500, 49000, 49500, 50000], "avg_reward": [-0.5795999999999999, -0.53398, -0.48922000000000004, -0.56224, -0.5845999999999999, -0.5542, -0.52344, -0.5235, -0.5177, -0.4092199999999999, -0.43189999999999995, -0.44809999999999994, -0.3525, -0.37159999999999993, -0.27331999999999995, -0.24733999999999998, -0.23845999999999995, -0.23077999999999996, -0.19465999999999992, -0.14671999999999993, -0.03755999999999994, 0.0026400000000000715, -0.007979999999999954, 0.035780000000000076, 0.0023400000000000486, 0.12510000000000007, 0.05204000000000007, 0.19042000000000006, -0.02765999999999995, 0.16124000000000008, 0.17612000000000005, 0.12962000000000007, 0.19710000000000008, 0.26372000000000007, 0.24552000000000007, 0.21116000000000007, 0.21580000000000008, 0.20880000000000004, 0.3472400000000001, 0.3420000000000001, 0.1899200000000001, 0.3790000000000001, 0.3604200000000001, 0.28780000000000006, 0.3573600000000001, 0.4084600000000001, 0.5411200000000002, 0.3570800000000001, 0.45152000000000003, 0.50016, 0.4521400000000001, 0.6276200000000001, 0.5761600000000001, 0.6322200000000001, 0.5481800000000001, 0.5395400000000001, 0.6421200000000001, 0.6813400000000002, 0.7143600000000001, 0.6702600000000001, 0.5601200000000002, 0.5866800000000001, 0.8000400000000002, 0.7424400000000002, 0.6824800000000001, 0.8227800000000002, 0.8040000000000002, 0.8559200000000001, 0.8461400000000001, 0.8228800000000001, 0.8543400000000001, 0.86016, 0.8620800000000002, 0.8369400000000001, 1.0042600000000002, 1.0174600000000003, 0.9371600000000001, 0.7514400000000002, 0.9975400000000002, 1.1153000000000002, 0.87794, 1.0527400000000002, 1.0194400000000001, 0.92074, 0.9455, 1.0556800000000002, 1.00604, 1.0137200000000002, 1.07416, 1.0326800000000003, 1.1353600000000001, 1.1499000000000001, 1.18964, 1.0131000000000001, 1.1246400000000003, 1.14266, 1.2002000000000002, 1.1200800000000002, 1.0152200000000002, 1.0601800000000001], "win_rate": [12.4, 15.4, 13.4, 13.200000000000001, 11.799999999999999, 14.2, 15.8, 13.8, 13.8, 15.8, 13.200000000000001, 16.6, 15.4, 20.0, 19.8, 20.8, 20.599999999999998, 21.0, 26.200000000000003, 28.799999999999997, 29.2, 32.4, 28.4, 32.0, 29.2, 33.4, 32.4, 30.8, 28.000000000000004, 37.0, 35.0, 32.6, 38.0, 37.0, 37.6, 39.0, 36.6, 36.0, 42.4, 40.8, 38.2, 44.800000000000004, 40.8, 39.0, 40.8, 44.0, 45.6, 41.0, 42.4, 46.800000000000004, 44.6, 47.599999999999994, 49.8, 48.4, 48.6, 46.400000000000006, 48.8, 51.0, 48.199999999999996, 48.199999999999996, 46.6, 48.4, 55.60000000000001, 55.800000000000004, 50.0, 55.60000000000001, 54.6, 55.00000000000001, 54.400000000000006, 53.400000000000006, 53.800000000000004, 54.400000000000006, 53.0, 53.2, 56.8, 57.99999999999999, 55.2, 53.0, 57.599999999999994, 56.8, 53.0, 56.99999999999999, 58.8, 60.6, 56.39999999999999, 58.8, 57.99999999999999, 60.4, 59.4, 60.8, 59.8, 60.6, 60.8, 59.199999999999996, 57.4, 59.8, 62.6, 60.8, 60.199999999999996, 59.199999999999996], "avg_guesses": [6.0, 5.994, 5.986, 5.992, 6.0, 6.0, 5.992, 6.0, 6.0, 5.976, 5.99, 6.0, 5.97, 6.0, 5.996, 5.992, 5.988, 5.994, 5.998, 5.986, 5.998, 5.978, 5.964, 5.986, 5.988, 5.99, 5.988, 5.954, 5.998, 5.978, 5.974, 5.974, 5.99, 5.964, 5.994, 5.992, 5.98, 5.98, 5.988, 5.97, 5.994, 5.96, 5.964, 5.98, 5.982, 5.992, 5.954, 5.986, 5.984, 5.972, 5.968, 5.944, 5.962, 5.984, 5.976, 5.978, 5.974, 5.968, 5.932, 5.942, 5.974, 5.976, 5.928, 5.958, 5.966, 5.986, 5.96, 5.934, 5.938, 5.956, 5.938, 5.952, 5.946, 5.958, 5.912, 5.912, 5.922, 5.978, 5.928, 5.89, 5.938, 5.908, 5.938, 5.968, 5.93, 5.916, 5.948, 5.934, 5.922, 5.946, 5.912, 5.89, 5.898, 5.95, 5.928, 5.922, 5.9, 5.926, 5.954, 5.946]}