{"episodes": [500, 1000, 1500, 2000, 2500, 3000, 3500, 4000, 4500, 5000, 5500, 6000, 6500, 7000, 7500, 8000, 8500, 9000, 9500, 10000, 10500, 11000, 11500, 12000, 12500, 13000, 13500, 14000, 14500, 15000, 15500, 16000, 16500, 17000, 17500, 18000, 18500, 19000, 19500, 20000, 20500, 21000, 21500, 22000, 22500, 23000, 23500, 24000, 24500, 25000, 25500, 26000, 26500, 27000, 27500, 28000, 28500, 29000, 29500, 30000, 30500, 31000, 31500, 32000, 32500, 33000, 33500, 34000, 34500, 35000, 35500, 36000, 36500, 37000, 37500, 38000, 38500, 39000, 39500, 40000, 40500, 41000, 41500, 42000, 42500, 43000, 43500, 44000, 44500, 45000, 45500, 46000, 46500, 47000, 47500, 48000, 48500, 49000, 49500, 50000], "avg_reward": [0.14410000000000003, 0.13090000000000002, 0.1322, 0.19310000000000002, 0.1567, 0.1889, 0.2003, 0.21820000000000003, 0.29140000000000005, 0.2942000000000001, 0.32020000000000004, 0.2871, 0.3879, 0.35040000000000004, 0.37020000000000003, 0.4715, 0.501, 0.5177, 0.5028, 0.5705, 0.5526, 0.5722, 0.6431, 0.6316, 0.6851, 0.6958, 0.7196000000000001, 0.7723000000000001, 0.6941, 0.8337000000000001, 0.7499000000000001, 0.7862, 0.8063000000000001, 0.8434, 0.8800000000000001, 0.8593000000000001, 0.9296000000000001, 0.8475, 1.0172, 0.8629000000000001, 1.0601, 1.0137000000000003, 1.0016, 1.0517000000000003, 1.0016, 1.0795, 1.0346000000000002, 1.0971, 1.0483, 1.0219, 1.1068000000000002, 1.1182000000000003, 1.1182, 1.1524, 1.1560000000000001, 1.0871000000000002, 1.1648000000000003, 1.087, 1.1995000000000002, 1.0558, 1.1424, 1.182, 1.1454000000000002, 1.2286000000000001, 1.1771, 1.2059000000000002, 1.2006, 1.1886, 1.1691, 1.2346, 1.2668000000000001, 1.2697, 1.1558000000000002, 1.2637, 1.2971000000000001, 1.0825, 1.2942000000000002, 1.25, 1.3161, 1.2002000000000002, 1.2238000000000002, 1.3162, 1.331, 1.3270000000000002, 1.3231, 1.2689000000000001, 1.2892000000000003, 1.3779000000000001, 1.285, 1.3382000000000003, 1.3568000000000002, 1.3874000000000002, 1.3216, 1.3591000000000004, 1.3923, 1.4376000000000002, 1.406, 1.292, 1.2529000000000001, 1.5252000000000001], "win_rate": [37.0, 31.8, 36.0, 39.2, 36.8, 41.6, 39.2, 40.6, 41.8, 45.4, 48.4, 45.800000000000004, 50.8, 49.8, 51.2, 56.599999999999994, 58.8, 60.199999999999996, 58.4, 61.199999999999996, 59.8, 62.8, 69.39999999999999, 64.8, 68.4, 69.19999999999999, 66.8, 73.2, 71.6, 72.8, 76.2, 74.2, 75.8, 75.4, 73.2, 73.4, 80.80000000000001, 75.4, 78.8, 78.2, 80.60000000000001, 79.4, 79.4, 81.2, 80.80000000000001, 80.2, 84.2, 84.39999999999999, 81.0, 80.4, 82.19999999999999, 83.2, 82.8, 82.8, 83.39999999999999, 81.6, 83.6, 85.2, 82.8, 81.0, 82.39999999999999, 85.2, 85.2, 85.6, 84.2, 86.6, 86.8, 86.0, 86.0, 88.0, 85.8, 86.0, 86.6, 89.60000000000001, 86.4, 83.6, 87.8, 85.2, 88.8, 88.0, 86.2, 89.4, 89.0, 87.8, 87.2, 90.60000000000001, 88.4, 87.0, 88.8, 88.2, 88.0, 89.60000000000001, 86.4, 88.4, 89.0, 89.60000000000001, 90.2, 87.4, 90.0, 90.8], "avg_guesses": [6.0, 6.0, 6.0, 5.992, 6.0, 5.986, 5.994, 6.0, 5.99, 6.0, 6.0, 6.0, 5.986, 5.986, 5.994, 5.976, 5.99, 5.994, 5.984, 5.98, 5.99, 5.996, 5.99, 5.986, 5.996, 5.99, 5.984, 5.982, 5.992, 5.966, 5.992, 6.0, 5.964, 5.966, 5.948, 5.986, 5.952, 5.992, 5.946, 5.998, 5.95, 5.966, 5.962, 5.968, 5.956, 5.958, 5.98, 5.966, 5.97, 5.982, 5.968, 5.97, 5.964, 5.942, 5.942, 5.966, 5.958, 5.974, 5.956, 5.978, 5.988, 5.954, 5.96, 5.934, 5.964, 5.954, 5.962, 5.98, 5.98, 5.956, 5.958, 5.952, 5.972, 5.948, 5.948, 5.99, 5.968, 5.968, 5.94, 5.966, 5.976, 5.946, 5.964, 5.95, 5.964, 5.984, 5.96, 5.936, 5.954, 5.958, 5.964, 5.944, 5.97, 5.944, 5.934, 5.956, 5.944, 5.972, 5.962, 5.922]}